,Y,T,X
0,-0.35124257075221976,0.22475807834252703,0.44951615668505407
1,2.064978927215828,0.3453664253656443,-1.3092671492687113
2,1.8434949463581332,1.1063470323286932,0.21269406465738658
3,4.0744213548188135,0.696949979391587,-0.6061000412168261
4,1.1237590525383494,1.4320311245553414,0.8640622491106826
5,1.114337103225389,1.4244740876886606,0.8489481753773211
6,0.24764106431280464,0.6616773596883758,-0.6766452806232482
7,1.792515543747624,0.8946992873205999,1.7893985746411998
8,2.1478947613005204,1.1190288211421133,0.23805764228422657
9,0.5634346010355817,0.4022324111086526,-1.1955351777826948
10,-1.4656671884020362,0.9737122788570594,1.9474245577141187
11,0.7042321594101691,0.5314488860314169,-0.9371022279371661
12,3.312128157848948,0.3883710581767085,-1.223257883646583
13,0.2698532437628198,-0.14430342899255016,-0.28860685798510033
14,2.551251508517177,0.7368518675109916,-0.5262962649780168
15,4.419362260750542,1.5923315004068168,1.1846630008136336
16,2.281176005814322,0.0991406468043724,-1.8017187063912552
17,1.7331038742748188,0.959015886128551,-0.08196822774289789
18,-2.1101374894744978,-0.6429280067859318,-1.2858560135718635
19,1.6566241589098187,0.6332806630227438,-0.7334386739545125
20,0.718217264752629,-0.5903300174347355,-1.180660034869471
21,-0.928706471308919,-0.5073358637174932,-1.0146717274349863
22,0.06139404195779873,-0.0052390670949693146,-0.010478134189938629
23,0.9275191614706286,0.37036970021765203,-1.259260599564696
24,0.17616194581895672,-0.36173330021629657,-0.7234666004325931
25,1.909922512098202,0.346994846927169,0.693989693854338
26,-2.152071668630877,-0.30977987259490636,-0.6195597451898127
27,-1.1723505286627849,0.39739744735382293,0.7947948947076459
28,0.43683566230755533,0.5992258335747607,-0.8015483328504787
29,1.2536969987684514,0.12367182692501522,-1.7526563461499696
30,4.28762982429337,1.790234754400108,1.580469508800216
31,0.6039144262849357,0.07092490546584362,0.14184981093168725
32,0.03921966966385622,-0.04789420754703912,-0.09578841509407823
33,0.7956316213573088,0.6632339898001159,-0.6735320203997681
34,3.7667109224115234,1.0001012724113714,0.00020254482274276175
35,4.431205344406327,1.3431180769173423,2.6862361538346846
36,-0.3916987074426202,-0.047265113772596345,-0.09453022754519269
37,1.5253021386848822,0.5730675809007786,-0.8538648381984427
38,1.0298358498841056,0.5663004516630261,-0.8673990966739477
39,0.3087242010284563,0.6897738804502329,-0.6204522390995341
40,3.5021026348736406,0.6559034467723496,-0.6881931064553009
41,1.1568529534399097,0.23461355842317858,0.46922711684635715
42,1.5309149861800169,1.0957596479703504,0.19151929594070094
43,2.0378012593172827,0.9462344074278259,-0.10753118514434801
44,0.270194662033366,0.2857916696501218,0.5715833393002436
45,0.05399547730147647,-0.8884395758352475,-1.776879151670495
46,1.6473469809017243,0.8672742316979479,-0.26545153660410414
47,1.5266038584238615,0.8288923141235308,-0.3422153717529383
48,1.5120848088710666,0.5959186574996074,-0.8081626850007853
49,-1.0234657336257447,-0.2438997780194833,-0.4877995560389666
50,-1.8562249402674296,-0.24660449805610013,-0.49320899611220026
51,0.16058722150626514,0.46670641288436265,-1.0665871742312747
52,2.306043475649671,1.2612084670486294,0.5224169340972586
53,0.7899853962690785,0.36656265802896426,0.7331253160579285
54,2.261731235140577,0.35253441928599494,0.7050688385719899
55,0.3391120792899571,0.6999331949699763,-0.6001336100600473
56,0.788429093267551,0.7299379817876895,-0.5401240364246209
57,1.3576229118549712,0.8714515604713018,-0.25709687905739653
58,0.048829496927345395,-0.5363085726759249,-3.07261714535185
59,-0.9435509364508252,-0.46522519788039507,-0.9304503957607901
60,0.45086647093445265,0.369765217347247,0.739530434694494
61,-1.384453358887532,-0.5217949590728669,-1.0435899181457338
62,4.14825613827921,0.7466257254165307,-0.5067485491669386
63,1.1202351364857046,1.295746093723856,0.5914921874477121
64,2.1790875699843197,0.8322116315188273,1.6644232630376545
65,-0.033660979364446925,-0.23629490198653147,-0.47258980397306294
66,-0.12728671491376428,-0.033198121250366405,-0.06639624250073281
67,-1.284511597319924,0.10626599334615991,0.21253198669231982
68,-0.7287465554903544,0.2606410136827255,0.521282027365451
69,2.55629456001645,1.1702793832798681,0.3405587665597365
70,1.69501129214391,-0.12232966365536897,-0.24465932731073795
71,-1.3131974404028424,-0.7400270177278124,-1.4800540354556249
72,0.6975264270788382,1.2840802317842581,0.5681604635685162
73,3.608874509467566,0.9040351132054727,-0.1919297735890546
74,-0.8595920291315734,-0.8473732974695575,-1.694746594939115
75,-1.772155005804598,-0.44031473085654405,-0.8806294617130881
76,0.028478180064115677,-0.13560475412055828,-0.27120950824111656
77,-0.3149147397957056,-0.0010637881446909914,-0.0021275762893819827
78,2.647894487247439,0.6386357849286577,-0.7227284301426846
79,-1.802933883740443,0.027852593824386106,0.05570518764877221
80,0.43526455666250086,0.5845974837150226,1.1691949674300453
81,2.2635332520985982,1.9344620583998475,1.8689241167996953
82,1.1865005030697637,0.1735312783791791,0.3470625567583582
83,-1.4519079345319812,-0.09030631210766686,-0.18061262421533372
84,1.7673135316111153,1.070872474825538,0.141744949651076
85,0.892347631400664,0.29400500178027655,-1.411989996439447
86,3.3267071587704526,1.1516372192830293,0.30327443856605873
87,1.7426164943749003,0.7054275701350384,-0.5891448597299231
88,0.4844757133386496,0.32274715257172876,0.6454943051434575
89,-0.8861542428946888,-0.23903355518618952,-0.47806711037237903
90,1.002925820442448,0.39276518242805536,0.7855303648561107
91,-0.2464547804426191,-0.4534551446869096,-0.9069102893738192
92,1.919698893407093,-0.18893806199495256,-2.377876123989905
93,0.921187294701413,0.7879684874877231,-0.42406302502455395
94,-1.843255573848223,-0.5778854714799064,-1.1557709429598129
95,-0.8125663910590936,0.3233144355272187,0.6466288710544374
96,-0.1709078427138085,-0.06904760685650463,-0.13809521371300926
97,-0.8038761060854088,-0.3367817876814864,-0.6735635753629728
98,3.92767272507581,1.4243643029061859,0.8487286058123718
99,0.6614783077911985,0.4018559485748131,0.8037118971496262
100,1.1951241056828166,0.9831860158739594,-0.03362796825208125
101,2.665625714849863,1.6927422949379252,1.3854845898758503
102,-0.4379229840869594,-0.6439161884424157,-1.2878323768848314
103,-1.1151467355482299,-0.32911871233283435,-0.6582374246656687
104,1.0532294015335657,-0.21529495581225916,-0.4305899116245183
105,2.9419380551039276,0.9278854939751443,-0.1442290120497114
106,2.557778834886242,1.1628670243883998,0.3257340487767995
107,2.809112396088302,1.294213395663353,0.5884267913267061
108,1.078186393050687,-0.037123722442267804,-2.0742474448845356
109,-2.1353138508039025,0.5176673662719936,1.0353347325439872
110,-0.5770519475977204,-0.8346209606348164,-1.6692419212696328
111,2.992261144744555,1.08864364933878,0.1772872986775602
112,-0.2921476657162292,0.6964757926024685,-0.607048414795063
113,2.9603258979315514,0.41858192155212215,-1.1628361568957557
114,2.5704382188495347,1.0740243080215117,0.1480486160430234
115,0.9977862656330295,-0.8376175114143022,-1.6752350228286044
116,3.802244438681476,1.4792170938862763,0.9584341877725526
117,0.6413863708081406,0.06788684114504108,0.13577368229008216
118,2.1135794381689634,0.5477062451462726,-0.9045875097074548
119,2.4073026518050975,1.1607301084397665,0.3214602168795332
120,2.5961992951431117,1.4961088901705946,0.992217780341189
121,-1.8286548117874344,-0.4265190048184128,-0.8530380096368256
122,1.1127803662016724,0.2909545166735488,0.5819090333470976
123,1.8365911825309222,0.5830503902997851,-0.8338992194004298
124,3.1263512359911023,1.032521572512655,0.06504314502531039
125,2.1075731263750885,0.2122014077274269,-1.5755971845451462
126,0.16829859278095138,-0.801359731365989,-1.602719462731978
127,0.4365171643516519,0.3755969709210708,-1.2488060581578584
128,2.7808758880904954,0.895625306218414,-0.2087493875631721
129,1.5861509218326841,1.5122279416547608,1.0244558833095216
130,0.044442117622113746,0.008781222084014523,0.017562444168029046
131,0.8632881877473584,0.6655465014984785,1.331093002996957
132,3.8548664213126633,1.5053651491037974,1.0107302982075947
133,-0.40423273402648274,-0.9626220095638205,-1.925244019127641
134,0.4208273391953216,0.4315504028754163,0.8631008057508326
135,2.2247570168616533,1.1264400705143156,0.25288014102863127
136,0.93238441554785,1.3119901149898308,0.6239802299796615
137,1.3086936568255647,1.5667462241484178,1.1334924482968356
138,2.73789213408228,1.2179696177068045,2.435939235413609
139,-0.040599531376046105,1.175118685992546,0.35023737198509197
140,2.134560021909025,0.8323357807116079,-0.3353284385767844
141,-0.1508513585608362,0.4292298886267215,-1.141540222746557
142,-1.6046563444427946,-0.09815125820239928,-0.19630251640479857
143,5.012321527784177,1.822465583559238,1.6449311671184759
144,2.0768998068925324,-0.2347419264568336,-0.4694838529136672
145,2.8460149867605398,1.0289994473078046,0.05799889461560909
146,1.4671974445387346,1.2574127071447498,0.5148254142894998
147,0.1353861687166843,-0.39875795581818096,-0.7975159116363619
148,2.541885634105215,0.5510950928954435,-0.8978098142091131
149,3.0904736481325052,1.3273787649235869,0.6547575298471736
150,-2.780471139818525,-0.5200461847348946,-1.0400923694697892
151,0.24072056554966448,0.3941321124855816,0.7882642249711632
152,1.849231448470979,1.0003775824438073,0.0007551648876144013
153,0.1921611603895639,-0.0759852457969317,-0.1519704915938634
154,2.6013753472697516,0.8924321701046897,-0.21513565979062066
155,0.5023553329161867,1.3523293454189345,0.7046586908378689
156,2.9873943045356026,2.0038742867472776,2.0077485734945553
157,0.2962561900473738,0.2971245972294136,0.5942491944588272
158,0.006847628226733821,0.1531891934091385,0.306378386818277
159,0.8967899052613308,-0.4988206291040265,-0.997641258208053
160,-0.6526409975117493,-0.392878491351424,-0.785756982702848
161,2.7803996230037606,1.1670144874402668,0.3340289748805335
162,2.2468221835727946,0.5012785031808651,-0.9974429936382698
163,3.9405220029993195,1.9113139069331022,1.8226278138662044
164,-0.623665549671368,-0.6372191986227198,-1.2744383972454396
165,3.8021515919358877,0.9240180612720852,-0.15196387745582962
166,3.014500240637947,0.8682948961844208,1.7365897923688416
167,3.3001216644114315,0.8501609061267185,-0.2996781877465631
168,2.096961810951203,0.9614353538568892,-0.07712929228622173
169,-0.7742934170356311,0.16961443090664383,0.33922886181328765
170,2.321282197599659,1.1093880344445588,0.21877606888911774
171,1.816190602612248,1.7463574863686953,1.4927149727373905
172,2.102624444264695,2.0460382878225927,2.0920765756451853
173,-0.029930355657452834,0.935860829718079,1.871721659436158
174,1.4783581518660205,0.47641079408472176,-1.0471784118305565
175,1.9175755458739925,0.9123019012754328,-0.17539619744913448
176,-1.2769643481527113,-0.7287467744143978,-1.4574935488287957
177,-1.3813022564179107,-0.4670969208555342,-0.9341938417110685
178,-1.0295468014386349,-0.30378607673231783,-0.6075721534646357
179,0.5063739587577739,0.21230966947640728,-1.5753806610471854
180,0.0553128335569955,0.13169303124031842,0.26338606248063684
181,-1.1950550050127706,0.8196043382853403,1.6392086765706806
182,2.9296398478803347,0.5784911569396561,-0.8430176861206877
183,0.9326631655042396,0.023544675826205105,0.04708935165241021
184,1.967372402709191,0.6260315531315109,-0.7479368937369781
185,0.8848450373347883,0.17843915831089763,0.35687831662179526
186,-0.8747700447170202,-0.1454975917113508,-0.2909951834227016
187,2.1245214696215835,0.07066943589813715,0.1413388717962743
188,1.5287532297528357,0.6002283346871398,-0.7995433306257205
189,1.6032927576065465,0.3330902922753236,0.6661805845506472
190,0.7094618077191938,-0.1896602547881474,-0.3793205095762948
191,0.41181943469067844,0.05002418701975141,0.10004837403950281
192,2.558411120395022,1.459192817959261,0.9183856359185222
193,4.062511562610953,2.3047461656572343,2.6094923313144687
194,2.8628177243234787,1.4162711820472795,0.8325423640945593
195,0.9740782423333464,-0.328069365289149,-0.656138730578298
196,3.260370111823324,1.7951167412623095,1.590233482524619
197,0.9835276432346172,1.3281767721645055,0.6563535443290108
198,0.4163863198224014,-0.12252842052363487,-0.24505684104726974
199,2.104264784758339,1.004776833077105,0.009553666154210133
200,-0.08263622933790193,0.6393903256184694,-0.7212193487630613
201,0.12392879697946935,1.1302706525730397,0.2605413051460793
202,-0.5622149554382221,-0.6610991827132415,-1.322198365426483
203,1.438645471433742,0.3838813632466008,-1.2322372735067983
204,2.3335400288669947,1.3917743585603093,0.7835487171206184
205,1.7999630932348825,1.368552690028179,0.7371053800563581
206,1.7922591392149751,0.9684809473339016,-0.063038105332197
207,1.6684220601857787,0.5538171697716874,-0.8923656604566252
208,0.060959041103807426,-0.13002230270253656,-0.2600446054050731
209,3.0495985217773987,1.279088694891494,0.5581773897829877
210,2.986182565187245,1.4377008386536965,0.8754016773073929
211,2.947466406979431,1.0050707687487084,0.010141537497416697
212,-0.25498634099334216,0.3182585427887098,0.6365170855774196
213,-0.2776704795275903,-0.07597045157245208,-0.15194090314490416
214,3.360868396695553,1.2310866488998091,0.46217329779961835
215,3.3582832215187857,1.6203420416388337,1.2406840832776673
216,-0.25637427335541174,0.5521229290038554,1.1042458580077108
217,2.1771469990850245,0.9580558639756158,-0.08388827204876843
218,0.8255470977848776,1.0284448344286174,0.05688966885723509
219,0.4332943086256176,1.6734641443723575,1.346928288744715
220,2.168103697169007,0.7924083396232818,-0.4151833207534363
221,2.4983213191492792,0.6286024676117163,-0.7427950647765673
222,1.6631954482300613,1.3277759903380908,0.6555519806761817
223,3.469143153419914,1.3666470428319015,0.733294085663803
224,1.1188500044659817,1.3565097894533358,0.7130195789066717
225,0.6701517639113992,1.1565319786390136,0.31306395727802716
226,1.8336981441901428,0.2159252004600088,0.4318504009200176
227,-0.20614159544434627,0.05832816913353581,0.11665633826707161
228,-0.6696384056844282,0.18392488840657872,0.36784977681315745
229,-0.8094363725287563,0.08811228627512652,0.17622457255025303
230,-1.7706641734958508,-0.038903845357251,-0.077807690714502
231,1.7556024951334115,0.8420937204191183,-0.3158125591617633
232,0.6755547431997988,-0.325473993102511,-2.650947986205022
233,4.314436851546102,0.9028206999972985,-0.19435860000540284
234,2.766739305618084,0.42103808016341693,-1.1579238396731661
235,1.9838281354608558,1.1687763564297144,0.3375527128594289
236,-0.9568413249943365,-0.32151517029327836,-0.6430303405865567
237,1.7179967896653465,0.5958084864856288,-0.8083830270287423
238,-0.6815918187939691,0.5074086414071219,1.0148172828142439
239,4.262685551162477,1.6673206197088608,1.3346412394177218
240,-0.5927139097976166,-0.044785735568852916,-0.08957147113770583
241,2.6441434831232273,0.7889816133490295,-0.422036773301941
242,-1.8457935051129515,-0.03621147543055442,-0.07242295086110884
243,0.7613902698252232,0.27978189920781893,-1.4404362015843621
244,-1.5560923961034705,-0.5867693402212592,-1.1735386804425183
245,2.3383831327161864,1.2009570286030828,0.40191405720616574
246,-1.0317257734962646,-0.8727104157159721,-1.7454208314319442
247,2.905928922340705,0.990101197668028,-0.019797604663943993
248,-1.8395676026267809,-0.7658926932273273,-1.5317853864546547
249,0.02711277948381302,0.5174394501645107,1.0348789003290213
250,2.2327924863139472,1.126364888162085,0.2527297763241699
251,-0.7228412303987385,-1.0166708539744052,-2.0333417079488103
252,2.6294134431141787,0.4050021523676357,-1.1899956952647286
253,1.4172401830281434,1.0794290471944228,0.15885809438884535
254,2.86721260112125,1.1141286969250284,0.2282573938500567
255,1.5365067819047407,0.33330046538338975,-1.3333990692332205
256,-0.03912525471230943,0.8383505760453103,1.6767011520906205
257,-0.7500653387933551,-0.3698667105641565,-0.739733421128313
258,-0.08870681124388607,-0.4923230166767876,-0.9846460333535751
259,2.111879111210245,1.7216219572291283,1.4432439144582563
260,2.6316133277356966,1.145709572796132,0.291419145592264
261,0.5772081331495329,0.6005883725282679,-0.7988232549434643
262,3.063258778134,0.475002076903295,-1.04999584619341
263,2.153714474059978,-0.5121262805999898,-3.0242525611999795
264,2.596685849155224,0.808644106283821,-0.3827117874323581
265,-2.4480458606821838,-0.42756040011151003,-0.8551208002230201
266,1.149946635335011,0.12065505417122821,0.24131010834245642
267,-0.4568465291103302,-0.5558535724200439,-1.1117071448400877
268,0.5574789307518384,0.13798694560234975,0.2759738912046995
269,0.929033874267592,0.6179701698639755,-0.7640596602720492
270,0.22193253918433486,-0.16024075314432817,-0.32048150628865635
271,2.499804778386649,0.5500677903859693,1.1001355807719386
272,2.2624218289545985,0.918695395835931,-0.16260920832813808
273,-0.5957109195575793,-0.3200482361598178,-0.6400964723196356
274,3.7886186969093165,1.090493492949236,0.18098698589847212
275,1.7638731749275003,0.8287720810942885,-0.342455837811423
276,-0.44207905851658214,-0.30868691666934955,-0.6173738333386991
277,2.2080557772682528,0.42402873224066306,-1.1519425355186739
278,0.30549761440696477,0.4354077401123757,0.8708154802247514
279,2.627855673507838,0.7401135153920984,-0.5197729692158033
280,1.5198129637137687,0.6100141127766747,-0.7799717744466504
281,-0.5181867321383447,0.6619720203874528,1.3239440407749057
282,-0.6561367655358703,0.44043021796900783,0.8808604359380157
283,0.7439200359449567,1.712710183865472,1.4254203677309438
284,-0.2030661975162943,0.7618382463650318,1.5236764927300637
285,0.8781734876649746,0.5438228505846165,-0.9123542988307668
286,1.9427424324636762,1.002792169669432,0.005584339338864042
287,2.509578249227585,1.1415730584586172,0.28314611691723446
288,0.4170753152459481,1.0154073449329184,0.030814689865836686
289,0.9943137235525414,0.7488930210715157,-0.5022139578569687
290,1.4836996866625294,1.3375014908651506,0.6750029817303012
291,-0.18102108140667436,0.2208374104616844,0.4416748209233688
292,1.6991466974083642,0.6306953869683508,1.2613907739367016
293,2.2409379844211497,1.1999397893080834,0.39987957861616663
294,2.3384045171036645,0.848026376826724,-0.3039472463465519
295,0.6178475151972749,-0.10147599063042884,-0.20295198126085767
296,2.5297573077241666,1.0726303945708155,0.14526078914163099
297,-0.08073250118504927,-0.0490635490701159,-2.098127098140232
298,2.3538957300168404,1.231019970016188,0.4620399400323759
299,1.630743993191519,1.1640706437278843,0.32814128745576865
300,-1.466116056752973,-0.5900389496069546,-1.1800778992139092
301,0.826668962599684,0.6661855312562274,-0.6676289374875453
302,-1.0276694102091106,-0.5172621638736523,-1.0345243277473046
303,3.012384911717851,1.538753210015536,1.0775064200310722
304,-0.7174081237044397,-0.63630441975584,-1.27260883951168
305,-0.4551546917485786,-0.7539223589288937,-1.5078447178577874
306,3.0838327043717255,1.1712562438653158,0.34251248773063153
307,0.3346031160159426,0.2657522567625615,0.531504513525123
308,2.416889006502976,0.29561282005037437,-1.4087743598992513
309,0.37749873362264036,0.1705629020449683,0.3411258040899366
310,2.2895112151514625,1.2833955220698912,0.5667910441397824
311,1.086827976961848,1.496375113285056,0.992750226570112
312,1.5513852696361479,1.5029323647477344,1.0058647294954688
313,-0.8392623923021545,-0.6681818329282208,-1.3363636658564415
314,1.003539136947127,0.956586000290994,-0.08682799941801195
315,0.5088936094694979,0.28352884186935284,0.5670576837387057
316,1.3124018218075013,0.4352741060632368,0.8705482121264736
317,0.37229534375129214,0.09738565412033062,-1.8052286917593388
318,-0.6087869063325495,-0.028491742463450875,-0.05698348492690175
319,2.0547884932896507,0.694020873596149,1.388041747192298
320,1.1473672671317505,1.0987594934811145,0.19751898696222908
321,0.2922928651595138,-0.5679788977687634,-1.1359577955375268
322,0.07511626150119621,0.030498205747512636,0.06099641149502527
323,0.24165965121874702,-0.17549451001846741,-0.35098902003693483
324,1.0018704448239246,1.0361377913794758,0.07227558275895152
325,3.004789742684644,0.40958037264313263,-1.1808392547137347
326,0.021115450210461822,-0.20538379432277648,-0.41076758864555296
327,-0.8392194511877381,-0.04630440419547414,-0.09260880839094827
328,2.2804572576185453,0.030074574060854564,-1.9398508518782909
329,-1.4392447939547788,0.34856499065800806,0.6971299813160161
330,2.3314507136274303,1.2154397852701662,0.4308795705403321
331,0.4243370212466049,0.8060542633534015,-0.38789147329319706
332,0.9637618278465454,0.7276031640758962,-0.5447936718482076
333,1.4376850372477006,0.7919656137393513,-0.4160687725212974
334,-0.8335790521030584,0.15580629851251426,0.3116125970250285
335,1.479433133406776,0.6270170848732988,1.2540341697465975
336,0.7642042526432167,0.6624453830753789,1.3248907661507578
337,2.5430141206905934,1.1012933665140312,0.20258673302806246
338,-0.40620215932322773,-0.05348159089298972,-0.10696318178597944
339,2.2100621192074263,1.889470458326029,1.778940916652058
340,-1.4919229248851393,0.4472492165502595,0.894498433100519
341,-2.5155480818854805,-0.09372703787355256,-0.18745407574710513
342,-1.8031768733915132,0.1931385436058639,0.3862770872117278
343,1.4589196067680263,0.5621495028047349,-0.8757009943905303
344,-0.4819989314673516,-0.32270596991151107,-0.6454119398230221
345,3.010402354564791,1.4296071489840365,0.859214297968073
346,-1.4711751380126605,-0.8194306708374989,-1.6388613416749978
347,2.0951188634375733,-0.21232828165474177,-0.42465656330948354
348,0.9016533291836977,0.5640849688743557,1.1281699377487113
349,2.0465680951673875,0.5815741828540947,1.1631483657081894
350,-0.1343409105372143,0.5528665574629188,1.1057331149258376
351,3.3644215280704888,1.139087746365821,0.27817549273164216
352,2.133313493598917,0.33276503672671454,0.6655300734534291
353,2.728618050031461,1.222301523146692,0.444603046293384
354,-0.21340542308745733,-0.14342044722871472,-0.28684089445742944
355,-1.174266679212411,-0.36915564326955924,-0.7383112865391185
356,2.3255759403674903,0.49290511299108064,-1.0141897740178387
357,1.9790654256279188,0.3873784262725224,0.7747568525450448
358,1.2436065758034287,0.2787633171294086,-1.4424733657411828
359,0.06179642285798659,0.7917507629656961,-0.4164984740686076
360,0.07902840840147499,0.09699157957134408,0.19398315914268816
361,0.22542299939584445,0.039339755658917064,0.07867951131783413
362,3.7232440356183503,1.7604171487521774,1.5208342975043547
363,0.6689866843575295,0.6448523584117037,-0.7102952831765925
364,-1.7048311137701229,-0.23377816641879465,-0.4675563328375893
365,4.222992909883749,1.7862854205817968,1.572570841163594
366,-1.2677176877564569,0.2954176623806266,0.5908353247612532
367,1.2588417714694218,0.28389563140744706,0.5677912628148941
368,1.1642024517786664,1.6400993839357905,1.2801987678715807
369,0.21574647101339658,0.1156991318577624,0.2313982637155248
370,0.7959192430061548,0.37276916944431615,0.7455383388886323
371,3.315019471525104,1.7362981472824073,1.4725962945648146
372,2.681496653731917,1.482180512731882,0.964361025463764
373,0.8297474535186895,0.9393254382418031,-0.12134912351639361
374,1.6243805364927542,1.5887132379711904,1.1774264759423807
375,2.4117690546372237,0.8404434026467843,-0.3191131947064314
376,2.005812856057825,1.0228089496613146,0.04561789932262916
377,2.069724696616478,1.215417986519512,0.430835973039024
378,4.536518463070608,2.056894402720543,2.113788805441086
379,-0.046587055967478364,1.08343199277729,0.16686398555457982
380,3.962559295401908,1.7242180767173605,1.4484361534347212
381,1.2220527849889864,0.6313758462719807,-0.7372483074560385
382,3.8035023558263905,1.9210486549789607,1.8420973099579216
383,0.006982288019907246,0.24881247305301624,0.4976249461060325
384,1.9269711199845883,0.6451140438370515,1.290228087674103
385,1.3164598080635888,1.2116169639353045,0.423233927870609
386,-1.532967720390438,0.3642157264769401,0.7284314529538802
387,0.00837751614320803,1.09396074878813,2.18792149757626
388,1.3814001604118216,0.08700361989561578,-1.8259927602087684
389,-0.7722609967178422,-0.40225146406807066,-0.8045029281361413
390,2.3024292156655077,0.8528722981833131,-0.29425540363337377
391,3.388220075594404,1.2330266018487122,0.4660532036974243
392,-1.5612691246071153,-0.6934440150485952,-1.3868880300971904
393,2.5419039636569516,1.3948419444303883,0.7896838888607767
394,1.485228944210378,1.0798195259491354,0.15963905189827096
395,0.3030549984526832,-0.0013692104088271484,-0.002738420817654297
396,-0.3794355599836954,0.17651410366708867,0.35302820733417734
397,2.9281930872883613,1.0157895821323644,0.03157916426472894
398,2.2918190967399017,-0.29273985268419916,-0.5854797053683983
399,0.4636573974955246,-0.5212325995766075,-1.042465199153215
400,0.1840617563330038,-0.887461236995182,-1.774922473990364
401,-0.9787678999557375,0.5425189468102868,1.0850378936205736
402,1.0625598134297678,0.5220263424325038,1.0440526848650076
403,0.7635169419102943,1.7828944776608524,1.5657889553217046
404,0.532100898744815,0.8103756208433299,-0.37924875831334004
405,2.8155651667773696,1.6719808075006077,1.3439616150012155
406,1.7099760953261804,1.029169130302094,0.058338260604188175
407,2.5955910228419086,1.1987180127467514,0.39743602549350265
408,-0.08404454575694513,-0.18978513246794948,-0.37957026493589896
409,3.5571874093391758,1.1704032082235138,0.3408064164470277
410,1.9599694058734483,0.19374218587943604,0.38748437175887207
411,1.0034317326006357,0.3893684701314942,0.7787369402629885
412,1.0601436088546847,0.17713119260666618,0.35426238521333236
413,0.7218134123959302,-0.26253466003539194,-0.5250693200707839
414,1.8115096877466383,0.9124743339376304,-0.17505133212473917
415,-0.011340523121388724,0.26484725685908417,0.5296945137181683
416,1.1593632021452025,0.12986369863618588,0.25972739727237176
417,0.7671712873106625,0.5236274077647464,-0.9527451844705073
418,0.4933611812241836,0.24324683165414748,0.48649366330829497
419,-0.5014288039128673,-0.6727219011580584,-1.3454438023161168
420,1.6912273082218459,-0.016385934165278115,-2.0327718683305562
421,0.14242729202764368,0.24561958985822563,0.49123917971645126
422,2.7488670750556823,1.1144132437250067,0.22882648745001344
423,1.5200204693154271,-0.41414768030708304,-0.8282953606141661
424,2.4184116342659085,0.2453351055509287,0.4906702111018574
425,-0.0009218092551769863,-0.32029860463547305,-0.6405972092709461
426,0.7075755660709011,0.8171327199744162,-0.36573456005116767
427,1.7039345797346779,1.4344241606247732,0.8688483212495465
428,3.1415490866912155,0.5781375570476543,-0.8437248859046913
429,1.777070500100483,0.20810794842856906,-1.5837841031428619
430,-0.42302053908280657,-0.36831124638806895,-0.7366224927761379
431,1.308348818540931,0.47368280210528746,0.9473656042105749
432,2.361750583974166,1.3598048659590423,0.7196097319180843
433,2.0759143335188024,0.9897779958973911,-0.020444008205217856
434,0.7593663761453684,0.11158488160367969,0.22316976320735937
435,2.969978801969524,0.6845603260237292,-0.6308793479525417
436,3.2615320846456672,0.9811361910983736,-0.03772761780325273
437,2.040464470154533,1.2826231246587252,0.5652462493174502
438,2.2866491276175434,1.0663007739075905,0.13260154781518113
439,-1.8115623133739283,-0.5790027903601622,-1.1580055807203244
440,2.424440738253188,1.1189615541420719,2.2379231082841438
441,1.5410840776851629,0.535072914285677,-0.9298541714286459
442,1.0122272093504108,0.8183197800602898,-0.3633604398794204
443,2.945115946742656,1.1291366210496545,0.25827324209930885
444,3.0461474263330985,1.3596620133769883,0.7193240267539767
445,0.8144170637481002,0.8919788593966589,1.7839577187933178
446,1.8618943499438159,0.7804593885749933,-0.43908122285001333
447,-2.482912652151813,-0.7961637749049479,-1.5923275498098959
448,0.024483641341888296,0.48836399718722023,-1.0232720056255595
449,2.3584054560347556,1.1055160088051674,0.2110320176103347
450,0.7616604548997989,0.1904842920414565,0.380968584082913
451,3.2616047490268665,1.7988337955602338,1.5976675911204674
452,2.366686122330849,1.4600501538017363,0.9201003076034726
453,0.07700684351708831,0.9743791372658376,-0.051241725468324895
454,-0.03199085122308509,-0.30822804540966486,-0.6164560908193297
455,0.5160821811590965,0.7010115648782299,-0.5979768702435402
456,-2.244050234365473,-0.8771292021482472,-1.7542584042964944
457,-0.14042025486159393,0.6212160669086121,1.2424321338172242
458,-0.17643409665810372,-0.05231808604813604,-0.10463617209627207
459,2.2274790498111745,0.901053635656732,-0.19789272868653598
460,1.944173085913763,1.3080496452560966,0.6160992905121929
461,0.567203573939077,0.8486151701520461,-0.30276965969590763
462,1.1233773135273868,0.5679988095809635,-0.864002380838073
463,-0.4534319447134958,0.6144792066169584,1.2289584132339169
464,1.8442152413926425,1.5681427687215772,1.1362855374431544
465,-1.1345728203073335,0.29465126397769714,0.5893025279553943
466,1.676131667534568,0.6655674584835043,-0.6688650830329913
467,2.9440664446558147,0.7949667448535105,1.589933489707021
468,2.467962155536359,-0.04803981855334305,-2.096079637106686
469,-0.34737091387854,-0.5721176509436171,-1.1442353018872342
470,3.5930348871381614,0.8223633483255633,-0.3552733033488733
471,-0.3913958708523121,0.4679333403643352,0.9358666807286704
472,3.167183460744644,1.2670204770011444,0.534040954002289
473,-1.2119410595913052,-0.2643179518752028,-0.5286359037504056
474,1.023799291301525,-0.8355407126832414,-1.6710814253664827
475,-0.26617768108542406,-0.7111247459625032,-1.4222494919250064
476,0.16984933897853266,-0.016581764087953123,-0.033163528175906246
477,3.4193088554769124,1.5187632370742903,1.0375264741485806
478,0.4331739376330872,-0.31510751735916387,-0.6302150347183277
479,-0.29746182281095956,-0.10003605289299,-0.20007210578598
480,1.968364976062446,0.5517590358043001,1.1035180716086002
481,1.7118340696827647,0.9407215112128862,-0.11855697757422776
482,2.5937055420450577,0.5199929678252598,1.0399859356505197
483,2.2199356682239944,1.6168566586164643,1.2337133172329287
484,0.010777504768900825,-0.2546261932397168,-0.5092523864794336
485,1.705904883552096,1.1550859684187071,0.31017193683741406
486,0.7348330638044049,1.0949766962797152,0.18995339255943053
487,2.65132723412262,1.1287374000954344,0.2574748001908689
488,2.084420821233681,1.2877184607053014,0.575436921410603
489,1.866481242660787,0.014630089571701786,0.02926017914340357
490,0.31557856013120755,0.09744908628608155,0.1948981725721631
491,4.108886453354038,1.1259965512756316,0.25199310255126317
492,1.7707351289247106,0.8137015540700228,-0.3725968918599546
493,1.5940085816431513,0.9777229567083996,-0.044554086583200786
494,1.2130567615515067,0.9220035250458134,1.8440070500916268
495,-0.9277419569098069,0.30375415803191946,0.6075083160638389
496,2.049441233936649,1.1326402691900173,0.26528053838003446
497,2.165931797342774,1.1926042340691092,0.3852084681382185
498,-0.5012269958643614,0.08036760663371856,0.16073521326743712
499,0.14030027290192393,0.678078102238651,1.356156204477302
500,0.07663682015555306,0.7592112938870791,1.5184225877741582
501,-0.2442372510481352,-0.13935846996754925,-0.2787169399350985
502,3.3065330284528764,1.3751012624610832,0.7502025249221664
503,-0.6179596391122404,-0.17756753037517314,-0.3551350607503463
504,3.6439494130451093,1.8807123220101725,1.761424644020345
505,4.034442756226268,1.2289969955018247,0.4579939910036496
506,3.7343623929360157,2.6552631415473518,3.3105262830947035
507,-1.9311587016401526,-0.5235958307478773,-1.0471916614957546
508,0.7472081353423363,-0.07556675599468668,-0.15113351198937336
509,2.1051355900792026,0.1332304451447004,0.2664608902894008
510,0.09465900576403002,-0.07725164553855807,-0.15450329107711613
511,-0.5545125568060502,0.1333637924784515,0.266727584956903
512,-0.08291986308513968,-0.04174785348592347,-0.08349570697184694
513,3.3120025841251697,0.8663131832948978,-0.26737363341020426
514,1.6369509327974525,0.014990517990087372,0.029981035980174743
515,2.2867156799458312,0.44177727461007754,-1.116445450779845
516,-0.5979508925034644,0.32043795538391046,0.6408759107678209
517,1.4568054051102366,1.2194434565890209,2.4388869131780417
518,1.5799274152611438,0.2030267763098076,-1.5939464473803848
519,2.9636332177867546,1.0843367222943725,0.16867344458874498
520,2.242639867540922,0.772071867102326,-0.45585626579534805
521,1.5287504950480673,1.2519252671518901,0.5038505343037801
522,1.7109640324334823,0.9048544975570587,-0.1902910048858826
523,0.24802801113438122,0.06815931449481119,0.13631862898962238
524,3.4612040215474456,1.7893571391892746,1.578714278378549
525,-0.4814775179199853,0.11223097705461482,0.22446195410922964
526,1.9207752942427025,0.3451987823546867,0.6903975647093734
527,0.5865342274090664,0.7577771031593583,1.5155542063187166
528,2.870849730464676,0.9702674552198713,-0.0594650895602572
529,0.46286982840891033,-0.42011526430753876,-0.8402305286150775
530,1.5224976848521894,1.1811436967196562,0.3622873934393127
531,-0.6332505735608994,-0.1610037505194973,-0.3220075010389946
532,-0.1887200620441396,1.214615167992141,0.42923033598428223
533,3.6781794936959717,1.667088975807069,1.3341779516141383
534,-1.3417329609073023,0.12228492607604562,0.24456985215209123
535,2.8161677620613528,0.9952271428496424,-0.009545714300715158
536,0.4744867104612214,-0.749038357752664,-1.498076715505328
537,1.4320670443238432,0.5166299519095157,1.0332599038190313
538,0.9939660554456187,0.9775433907415275,-0.04491321851694502
539,0.12261481548812458,0.646736209990727,1.293472419981454
540,0.02092333452779345,0.11778457481204885,0.2355691496240977
541,2.2665277693121926,1.2056223399888155,0.41124467997763103
542,-1.17594486843371,0.11181985211155697,0.22363970422311394
543,2.805093910570438,0.8621948962567616,-0.27561020748647674
544,-0.05371964990044481,0.26882017493991606,0.5376403498798321
545,3.4486769556101056,1.4184668149769668,0.8369336299539337
546,-0.22054874366698904,0.09788512515897949,0.19577025031795897
547,0.49085513291854804,0.8282388941748425,1.656477788349685
548,0.6718099404074942,0.2349853922325067,-1.5300292155349866
549,1.2473660672985056,1.751013273201786,1.5020265464035722
550,1.3636228809674256,0.8036726291525136,-0.3926547416949727
551,0.6086152884059342,0.7760706399426955,1.552141279885391
552,-0.1702925224403411,0.4472397966138245,0.894479593227649
553,0.07693494505877607,0.42686513410558513,0.8537302682111703
554,-0.539709124797753,-0.0932644564466667,-0.1865289128933334
555,0.9987455372835281,1.1734054742073368,0.34681094841467364
556,-1.0149757103134356,-0.88897974473504,-1.77795948947008
557,0.5486894321169441,-0.28360907778093936,-0.5672181555618787
558,1.96375785636687,-0.029114703571767653,-0.058229407143535306
559,-0.6420853639286452,-0.9287687253184723,-1.8575374506369446
560,1.5237240749568488,0.8339665725346093,-0.3320668549307815
561,1.584490002900048,0.10723657571727341,-1.7855268485654532
562,0.5036540912681979,0.5180362986624181,1.0360725973248361
563,1.929467853037693,1.4013505216754225,0.802701043350845
564,-1.5611216204780038,-0.2867634593130517,-0.5735269186261034
565,-0.5738108108178863,-0.40051239806036315,-0.8010247961207263
566,0.02322248764435475,0.4696069896266948,-1.0607860207466104
567,-3.0266589219133797,-0.20908177838445607,-0.41816355676891215
568,-0.48629803660104676,-0.23090243294287022,-0.46180486588574043
569,2.7893961818776836,0.3896453286899858,-1.2207093426200284
570,1.3766539151045996,1.2978276161697873,2.5956552323395745
571,2.7294436654055234,1.6261888228160783,1.252377645632157
572,2.283691482768843,0.5020876450591347,-0.9958247098817306
573,2.47073253813748,0.8084859700528072,-0.38302805989438554
574,1.5122651328207672,1.3510260894483506,0.7020521788967014
575,2.014179564662612,1.0403713007043451,0.08074260140869044
576,3.3253755034992203,0.8746851306355683,-0.2506297387288635
577,0.015193947571802105,-0.10207625470387377,-0.20415250940774754
578,-0.4154977526949719,-0.5130665895041466,-1.0261331790082933
579,-0.5407653859637411,0.43152130024799856,0.8630426004959971
580,0.2462987468398858,0.2898079701352942,0.5796159402705884
581,-0.20199183097711249,-0.26900486050188,-0.53800972100376
582,0.8767628760211845,0.5751253063389812,-0.8497493873220375
583,2.1884419138501436,0.06235036052264764,0.12470072104529528
584,1.1592043793379343,1.6015034603077973,1.2030069206155947
585,0.18879325037434969,-0.6637178341426719,-1.3274356682853439
586,1.193192994812736,1.0537725201764887,0.10754504035297727
587,1.010672498908075,-0.7169956326344478,-1.4339912652688955
588,1.4152360442284406,-0.09810708725334316,-2.1962141745066863
589,-0.988500320986728,-0.24071457668303178,-0.48142915336606357
590,1.8387683874220027,0.8945445198752575,-0.21091096024948505
591,1.8169251146597272,0.7601610065225879,-0.4796779869548241
592,1.1296882577280154,0.3312198210933458,0.6624396421866916
593,-0.8538789569395304,0.3197280815787862,-1.3605438368424276
594,-0.0906463177258465,-0.046057896842838564,-0.09211579368567713
595,-0.7150300552483719,0.15661329070225774,0.3132265814045155
596,1.60504224953073,1.6624521515521022,1.3249043031042045
597,1.106952247609606,-0.0013977587931690016,-0.0027955175863380033
598,1.7800595422001526,0.5682009149325953,-0.8635981701348096
599,-1.6314909201886665,-0.1383515586466283,-0.2767031172932566
600,1.31776099679921,0.723033496580819,1.446066993161638
601,1.016990476689144,0.27584267081450575,-1.4483146583709885
602,2.7203710790681215,2.104023454056387,2.2080469081127743
603,1.7113282701336128,0.740393091113434,-0.5192138177731319
604,3.384832635247088,0.5917941050662756,-0.8164117898674487
605,1.6411311666708008,0.7207434669221695,-0.5585130661556609
606,-0.9884432177982179,-0.7279843491801139,-1.4559686983602278
607,-0.0875129976285633,-0.16444726041717092,-0.32889452083434184
608,-0.7769338457155651,-0.7024180774986332,-1.4048361549972663
609,1.0249434703512328,1.0916904832735665,0.18338096654713315
610,0.40779338472582094,-0.15381371701286128,-2.3076274340257226
611,4.740007875692186,2.025492294289292,2.050984588578584
612,2.741821024261899,-0.2077626455808908,-0.4155252911617816
613,0.4379594644871727,-0.18713650853926814,-0.3742730170785363
614,1.8441302453199622,0.914009344289241,-0.17198131142151807
615,0.5318729589021387,0.8996453147584739,-0.2007093704830522
616,0.3107757301687632,0.06605437438786675,0.1321087487757335
617,-0.3428169421142735,-0.04949753941014849,-0.09899507882029698
618,1.6082472691127387,1.4354100723150014,0.8708201446300028
619,-0.5947757337222204,-1.309904378580422,-2.619808757160844
620,0.5634704785632214,-0.19479341817689927,-0.38958683635379854
621,0.8439706726939127,0.25829823545793057,0.5165964709158611
622,-0.09923308803969721,-0.17853534341550525,-2.3570706868310105
623,1.8435027042040317,0.20468012865580032,-1.5906397426883994
624,0.07984973397016004,0.3268986140236485,-1.346202771952703
625,-0.7352391596804321,-0.15614826346128471,-0.31229652692256943
626,3.0592915990478717,0.6804864693486229,-0.6390270613027542
627,1.5248899558068412,0.1237523317260186,0.2475046634520372
628,2.8252055935150895,1.7959905623976038,1.5919811247952076
629,0.5053349840177732,-0.07167673814864552,-0.14335347629729103
630,-0.5790055694865709,-0.5723918737892314,-1.1447837475784628
631,-1.0943883617648447,-0.39727223842186427,-0.7945444768437285
632,-0.9422637840621032,-0.6837370305611102,-1.3674740611222205
633,1.5127833670353326,0.8684482806331733,-0.2631034387336534
634,0.9790501568989223,0.2386745558613073,0.4773491117226146
635,0.6085538099693066,0.46927289211223566,0.9385457842244713
636,2.1421196484933542,0.446180861699907,-1.107638276600186
637,-0.9904086553151629,-0.30708868302991577,-0.6141773660598315
638,1.2369562761720556,0.44864284631420986,0.8972856926284197
639,3.746983799788009,1.75124369882532,1.5024873976506397
640,2.8479027201091034,2.0392319931839307,2.0784639863678613
641,1.0120712864196535,0.8188824627783947,-0.3622350744432105
642,0.9396839558470638,0.20889374032532,0.41778748065064
643,2.888512459683986,1.8846488435304016,1.7692976870608033
644,-2.2111823080302173,-0.9037700736125499,-1.8075401472250998
645,0.8640005505476978,1.2058031509866856,0.4116063019733713
646,1.4188781377031454,0.5509206647068656,1.1018413294137313
647,1.1414707565021756,1.2698382150345653,0.5396764300691307
648,2.9112567452002436,1.1695744690480605,0.3391489380961211
649,-0.7764622918399462,-0.6770362999293459,-1.3540725998586918
650,0.25088695221802393,-0.2594583762802726,-0.5189167525605451
651,-0.7364990401298508,-0.3257735557474828,-0.6515471114949656
652,1.8346511349811359,1.5084478888580308,1.0168957777160617
653,-0.9246075760118382,0.4994746382827197,0.9989492765654394
654,1.8053361027719927,1.2303211472842037,0.46064229456840744
655,1.9958573072684613,0.9807839602636741,-0.03843207947265187
656,-0.6345332889587619,0.3356941794290377,0.6713883588580754
657,2.9242923826318403,1.09417323940642,0.18834647881284014
658,1.8774865753226266,0.4256718846930232,-1.1486562306139536
659,2.5733472231596637,1.5680493274624754,1.1360986549249508
660,-1.0648390200713609,-0.11435067790218843,-0.22870135580437687
661,-0.036218951181928805,-0.7069841614015839,-3.413968322803168
662,1.3076440856883076,0.031083479344805598,-1.9378330413103888
663,0.21543741804846356,0.0737246120403974,0.1474492240807948
664,-1.3751527372265557,-0.6074755615117072,-1.2149511230234145
665,0.7403650165104602,0.6641642517133876,-0.6716714965732249
666,0.10177381555250609,-0.03162805700902438,-2.0632561140180488
667,2.1675109311693816,0.8808629945716584,-0.2382740108566831
668,0.4572230731974772,-0.12728860437450967,-0.25457720874901935
669,1.24392947253555,0.7862949516989948,1.5725899033979895
670,0.9039037241955645,1.1715323431219344,0.34306468624386877
671,-1.3387680803661055,0.1301995979701651,0.2603991959403302
672,3.193402803858829,1.7295436918355067,1.4590873836710132
673,0.08503422610333142,0.22599411916789092,0.45198823833578183
674,-0.9863057053560973,0.3881688771804319,0.7763377543608638
675,-0.5968986995780522,-0.0838867829505852,-0.1677735659011704
676,-1.2139675774260488,0.013974500887128288,0.027949001774256577
677,-1.2921521922902384,0.09403630181591775,0.1880726036318355
678,0.7312299202912451,-0.11224132402745904,-0.22448264805491808
679,2.2935602029946156,0.6300554528372665,-0.739889094325467
680,1.5028394892811892,1.4282311157380225,0.8564622314760448
681,-0.7515364594581376,-0.45569084099244256,-0.9113816819848851
682,1.349861141515268,0.6284785262109325,1.256957052421865
683,1.6874324113080794,0.6983951133979774,-0.6032097732040451
684,2.240291798133708,1.1774878683452727,0.3549757366905455
685,-1.267126734703806,0.07421436148421086,0.14842872296842172
686,0.18526719711863804,-0.3246325060113553,-0.6492650120227106
687,1.4478294662184683,0.18461753266208053,0.36923506532416106
688,0.8604881332209928,0.3833265150723528,-1.2333469698552944
689,-0.2998620833140212,0.05976487363304628,0.11952974726609256
690,-1.4408962908035563,-0.5211611123296277,-1.0423222246592554
691,2.44059714214258,0.5628398193453136,1.1256796386906271
692,0.7581342231334448,0.6908593844821611,1.3817187689643222
693,2.1824691750718146,0.8926099815872186,-0.21478003682556285
694,3.3959100731737815,0.5699962420758555,-0.8600075158482888
695,2.1518426660771026,0.1940760899057026,0.3881521798114052
696,2.4863773166945076,1.2764755900730296,0.5529511801460594
697,-0.8085423051271555,0.651860802869426,1.303721605738852
698,0.48688704557051854,0.6275504249054293,-0.7448991501891412
699,2.2961610410341295,1.1385108660421193,0.2770217320842385
700,-0.1774958357882559,0.7969941303556629,-0.4060117392886743
701,2.2961651469078674,1.4803568553205657,0.9607137106411315
702,0.9908048971686281,0.6965791954908881,-0.6068416090182238
703,1.3389942732200422,0.7686923632934888,-0.46261527341302255
704,0.22906376104407128,-0.3168108232848105,-0.633621646569621
705,-0.011171225023842268,1.0260371196122775,0.05207423922455523
706,4.563726962686538,1.4485595192816785,0.8971190385633572
707,2.5390066390385173,1.4387784471602778,0.8775568943205557
708,0.37577022406991545,0.44750741383023784,-1.1049851723395243
709,0.09008617171917647,0.18601485212985808,0.37202970425971615
710,3.7971144778540076,1.0233301672587674,0.04666033451753493
711,-0.4151482709285802,0.14959682219941087,0.29919364439882173
712,1.0895941601634531,0.4032346299082741,-1.1935307401834518
713,0.6950192450164121,0.2631941774078116,0.5263883548156232
714,0.7134609012612527,0.3934887848968963,-1.2130224302062074
715,2.670484782739846,0.6568548761012281,-0.6862902477975439
716,1.9210225901999074,-0.16062104352903517,-2.3212420870580703
717,1.1818768695717845,0.45777091900803735,-1.0844581619839253
718,3.943921924456933,1.2486796963903928,0.49735939278078556
719,1.6311863146450631,0.8566419489063951,-0.2867161021872097
720,2.2496841842421755,0.7016519294761192,1.4033038589522384
721,1.8162423268998547,0.8154265670916537,1.6308531341833075
722,2.1502380215881067,1.326232880488209,0.6524657609764182
723,0.5380646469397405,-0.5929798908330377,-1.1859597816660754
724,-0.09518397618205221,-0.30281960222470866,-0.6056392044494173
725,-1.576114010227152,-0.2720833872927651,-0.5441667745855302
726,0.6383748870693118,-0.3813605667328919,-0.7627211334657839
727,0.3463873234676612,0.6928326859475115,1.385665371895023
728,-0.9490044421553445,-1.2794623316456275,-2.558924663291255
729,1.0503006263901045,0.6370010556193082,1.2740021112386164
730,-0.3261322252158536,0.5503892029187262,-0.8992215941625477
731,0.048997008231146055,-0.1548391600432432,-0.3096783200864864
732,1.1750621786914421,0.653967959306559,-0.6920640813868818
733,-0.2585564049457635,0.13878772784776744,0.2775754556955349
734,0.43803125011814936,0.1710495159022528,0.3420990318045056
735,1.1776770006695172,0.9575229146958567,-0.08495417060828664
736,1.2656047617403092,-0.0794296737309775,-0.158859347461955
737,-1.15629544090839,0.07907091697590185,0.1581418339518037
738,-0.017403940256043193,0.7052650765844528,1.4105301531689056
739,1.7058153618552288,0.8334582392430674,1.6669164784861348
740,0.8056186817237804,1.0386650246089233,2.0773300492178466
741,-0.05487893627969642,1.1736291783954795,0.3472583567909592
742,2.201220365079981,-0.012450603176812125,-2.0249012063536243
743,-2.1252267862417327,-0.8169846835481822,-1.6339693670963644
744,-3.260849104306179,-0.5930980026737277,-1.1861960053474554
745,1.1691769085827965,-0.0646756526157651,-0.1293513052315302
746,-2.363954459286411,-0.06261884734605144,-0.12523769469210289
747,0.9123345777154985,0.5491744319840918,-0.9016511360318165
748,0.49677714240093634,0.17503076206973817,0.35006152413947633
749,1.4898310813251416,0.49224681055184916,-1.0155063788963017
750,1.8994328047335565,0.38811338375225835,-1.2237732324954833
751,0.7861189195997023,0.34756367726437215,0.6951273545287443
752,-2.0419797442749177,-0.008226121700389805,-0.01645224340077961
753,0.9147936145818817,0.7451282791646444,1.4902565583292888
754,0.07631935602205997,-0.6294385265153852,-1.2588770530307705
755,1.6022101056043403,-0.027216646379044862,-2.0544332927580897
756,1.1819941796285918,0.17725594850215015,0.3545118970043003
757,1.6453361978310985,1.2874270535694605,0.5748541071389209
758,1.2212473185186978,0.34865184393872595,-1.302696312122548
759,-0.0015107894129345878,0.8534488475115494,1.7068976950230987
760,3.126315855165124,1.3389696229385848,0.6779392458771695
761,3.1083839981302006,1.1586437820529762,0.3172875641059523
762,0.758592328976336,-0.13904373692130603,-0.27808747384261207
763,-0.611473270225799,-0.2741034584453155,-0.548206916890631
764,1.5326596895833413,0.4978215012389483,0.9956430024778966
765,4.019614616598452,1.8226008479215765,1.645201695843153
766,0.7894042054232908,-0.295681548464535,-0.59136309692907
767,1.4706393218173093,1.152448772347882,0.3048975446957642
768,-0.9709656007690155,-0.5027557269433751,-1.0055114538867502
769,0.834630437562516,-0.18495941365321872,-0.36991882730643744
770,1.1348617666322274,0.503181872996646,-0.9936362540067082
771,-0.27782883919955426,-0.3525928237289162,-0.7051856474578324
772,1.1394291896203286,0.22356934599741218,0.44713869199482437
773,1.644539718718907,0.3936007300043469,0.7872014600086938
774,0.16571792692085854,0.07028371818059123,0.14056743636118246
775,-1.1867627481265994,-0.2080226950506759,-0.4160453901013518
776,-0.26117433668262,-1.0157724851680603,-2.0315449703361206
777,0.21674741030737016,-0.04144050514755461,-0.08288101029510922
778,0.5652483492402587,0.6265091018378779,-0.7469817963242443
779,0.7102998944406169,1.4905015933227217,0.9810031866454432
780,0.8820865867785216,0.4485310877725215,-1.102937824454957
781,1.8658372079948249,0.8499831396732147,-0.3000337206535705
782,-1.727476208795191,-0.4183712737566154,-0.8367425475132308
783,0.916297110202863,0.3853066433331028,-1.2293867133337943
784,-0.8445045878361056,0.1894891542978724,0.3789783085957448
785,-2.7262246362229328,-1.0881620904221128,-2.1763241808442255
786,1.0892117559314807,1.0587681362000578,0.11753627240011555
787,2.1438630416987627,0.9681214221973267,-0.06375715560534678
788,2.6861030928102845,1.7709320695391142,1.5418641390782284
789,1.5456309057455668,0.42897506803669827,-1.1420498639266035
790,-0.7175279072549889,0.4264537383605436,0.8529074767210872
791,2.017205050101494,0.23760362448145836,0.4752072489629167
792,0.2709826045998731,0.31341990535485875,-1.3731601892902825
793,3.2066975592763587,1.7206982169924978,1.4413964339849958
794,1.0778898984355372,0.627426953260748,1.254853906521496
795,0.6249723174809559,0.6860649836734289,1.3721299673468579
796,-1.213721328464244,-0.7343655446761461,-1.4687310893522922
797,2.8221355964168393,0.8035114248883976,-0.39297715022320484
798,0.30318972724490223,-0.27110857450155845,-0.5422171490031169
799,1.9777877830461594,0.9833727061061662,-0.0332545877876676
800,1.2671224655692666,1.6297828196614523,1.2595656393229047
801,-0.5389050979322347,-0.22584239881259344,-0.4516847976251869
802,1.6372119420454905,0.5158744243788969,-0.9682511512422063
803,1.2180166940127406,0.9650222729076531,-0.06995545418469384
804,0.48304214344790414,0.4697990211225773,0.9395980422451546
805,0.7392646131409166,0.23632152086969666,0.4726430417393933
806,3.3229930465907196,1.7366385803121092,1.4732771606242185
807,1.0365096161620757,0.6708454780514376,-0.6583090438971249
808,4.134312362534001,1.6635262655331113,1.3270525310662227
809,-2.6309059907735532,0.13366545773774569,0.26733091547549137
810,-0.08384255594721846,1.3691063383058686,2.738212676611737
811,-1.247773654986518,-0.634690781106969,-1.269381562213938
812,0.5871826323451987,0.9159119074672282,1.8318238149344563
813,0.039947032169768054,0.2081001290961474,0.4162002581922948
814,-1.339286910695407,-0.4977374662403766,-0.9954749324807532
815,0.7276737342546692,-0.19770285847060545,-0.3954057169412109
816,-0.20974279078563893,0.1954104480530939,0.3908208961061878
817,2.5208005125206023,0.9676148304190694,-0.0647703391618612
818,0.6263726541697514,0.2335736412668388,0.4671472825336776
819,0.3430364498959924,0.3758462594104446,0.7516925188208892
820,3.8774377194173355,0.9775717667131827,-0.04485646657363458
821,2.2855670554381895,0.8739034849502938,-0.2521930300994123
822,1.9203173903121469,1.2372379600745456,0.4744759201490911
823,0.21517322351575618,0.6135255235596259,1.2270510471192517
824,1.6926389606873422,0.5577736749216861,-0.8844526501566279
825,0.40144986290158147,0.3928522379454577,0.7857044758909154
826,-0.6291079739892951,0.1099588112669071,0.2199176225338142
827,-0.32205233278723644,0.321607884232768,0.643215768465536
828,3.303813687611858,0.8948797636983459,-0.21024047260330836
829,0.783258225234837,-0.048110497612691816,-0.09622099522538363
830,-1.4285087417417268,-0.10854337019471022,-0.21708674038942044
831,0.63431286557762,0.1473480341481912,-1.7053039317036176
832,1.0686956489142267,-0.39982522322106384,-0.7996504464421277
833,2.05776579616878,0.41235261342616325,-1.1752947731476735
834,2.122786221937627,0.9478468579807553,-0.1043062840384894
835,0.2986889649634721,1.4098275404864524,0.8196550809729051
836,1.553379500540582,1.4647601312844436,0.9295202625688871
837,0.7949284985782608,0.7597662839279349,-0.4804674321441302
838,0.9526736059001015,0.1214355100393209,0.2428710200786418
839,-0.24330246216597995,0.5286001370436938,1.0572002740873876
840,-1.4476555402123268,0.8008942538522088,1.6017885077044176
841,0.10751975522443133,0.14619846949593274,0.2923969389918655
842,2.0763037145756695,1.6759559704193236,1.3519119408386473
843,2.0303089542233677,1.0210800798900843,0.04216015978016864
844,-1.7548322024604153,-0.10303079890483786,-0.20606159780967573
845,-0.3316502155017856,0.2737955761395778,0.5475911522791556
846,1.1555276671273016,0.6533655563790646,-0.693268887241871
847,0.4073977011710037,-0.1336957619236535,-0.267391523847307
848,3.553265563832933,1.442802552948113,0.8856051058962262
849,1.077208402906344,0.5757289717274985,-0.848542056545003
850,0.0263778178431201,0.39141879692825554,0.7828375938565111
851,4.092997192928595,1.4655500310376124,0.9311000620752249
852,2.25713569044425,1.1844928664897467,0.3689857329794936
853,1.108931526927023,0.2840761298567984,0.5681522597135968
854,0.07884013959467395,-0.08202335211725975,-2.1640467042345195
855,1.2428395468839044,-0.36300361573006956,-0.7260072314601391
856,-0.01937926036587323,-0.05898545741375394,-0.11797091482750788
857,2.1852606651700546,1.064508381275555,0.12901676255110964
858,1.2330271984322914,-0.5564778296815126,-1.1129556593630252
859,1.2987149618003286,0.30063398008767306,0.6012679601753461
860,-0.8246141988391988,-1.1436277338904315,-2.287255467780863
861,0.9996396543398516,1.0480883354066697,0.09617667081333953
862,1.9312397082348614,0.6325801689716535,-0.7348396620566932
863,0.8739306064742662,0.9117236283976848,1.8234472567953697
864,1.387644420526554,1.1417622465129393,2.2835244930258787
865,0.2464192034134049,-0.23545179671192717,-0.47090359342385435
866,2.1163255485039456,0.7011526842697213,-0.5976946314605575
867,3.6212144124145422,1.7004538633877777,1.4009077267755554
868,0.040069492683402874,-0.6429815122318394,-1.2859630244636788
869,2.23549390955038,0.6845965850349137,-0.6308068299301726
870,1.7506718505386718,0.7477009851599037,-0.5045980296801927
871,1.0302935323356743,0.3162553035941697,0.6325106071883394
872,-0.0048864052153015924,-0.36531152716099013,-0.7306230543219803
873,-0.01507567677649957,-0.24668804357751456,-0.4933760871550291
874,0.24751222893646496,-0.36302021446448174,-0.7260404289289635
875,-0.5580793323038729,-0.49083117703463397,-0.9816623540692679
876,2.96401628198404,1.9802046320079172,1.9604092640158344
877,3.173099540399882,1.3440579283111806,0.6881158566223614
878,1.8491203914177852,0.8539986503820169,-0.292002699235966
879,1.120987174783298,1.4501987362317577,0.9003974724635151
880,2.740697324794837,1.6976829857393443,1.3953659714786886
881,0.29689323692743347,-0.060859835455726874,-0.12171967091145375
882,-1.1228312484450003,-0.4757611915298196,-0.9515223830596392
883,0.6353936021971526,-0.09313246735138474,-0.18626493470276947
884,-0.06464227791387067,1.446952164592824,0.8939043291856481
885,-2.5868763161584107,-0.6264939430725471,-1.2529878861450943
886,2.179878542847807,1.6265004325558208,1.2530008651116415
887,1.1534004301928344,0.7365354863562236,1.4730709727124471
888,1.0825742010162607,0.03242995296607119,0.06485990593214239
889,-0.2136658387933449,-0.4840999150169498,-0.9681998300338996
890,1.1508249414491662,0.04905596161334935,0.0981119232266987
891,0.4707964071377952,-0.11358923761162054,-2.227178475223241
892,0.1646070965347579,-0.7554700295716633,-1.5109400591433266
893,1.3605402011135432,0.5901048382479624,1.180209676495925
894,-1.6556729271297996,0.5601884447117204,1.1203768894234407
895,2.403909148158881,1.3302106061965293,0.6604212123930585
896,2.7501645970103294,1.4675922419613823,0.9351844839227645
897,2.8590660285218523,1.2132057747773572,0.4264115495547145
898,0.3497645265090478,0.4028452867755483,0.8056905735510966
899,1.104018116605311,0.02068742906972021,-1.9586251418605596
900,0.9712981192221033,1.217738764209661,0.4354775284193222
901,-0.19132217450667505,0.3355110324508917,0.6710220649017834
902,-0.46946195108843425,-0.1751547658001841,-0.3503095316003682
903,0.3442110132055119,-0.09896878942173182,-0.19793757884346364
904,1.9058656390757869,0.7302845701816604,1.4605691403633208
905,-1.2616291985808963,-0.7804797524031957,-1.5609595048063913
906,0.11650299795680752,-0.35739458556907877,-2.7147891711381575
907,3.384992061295575,1.2065914047261395,0.4131828094522791
908,0.5498039997290395,0.006904886111001952,0.013809772222003905
909,1.5967851338733423,0.17476523295231913,0.34953046590463827
910,0.618690294917263,0.27551571031976374,0.5510314206395275
911,-0.5273032152136398,0.639491407289818,1.278982814579636
912,-0.3412113180729991,0.5389880083278479,1.0779760166556958
913,0.3316500095466305,0.4598941212509354,0.9197882425018707
914,-0.28405491978941155,-0.152777413114967,-0.305554826229934
915,-0.05264995019969787,-0.4203655033926484,-0.8407310067852968
916,1.4674347194978383,-0.09031801236588177,-2.1806360247317635
917,-1.8128762993519616,-0.28006875854972135,-0.5601375170994427
918,2.4896720448614107,1.8394260975140466,1.678852195028093
919,0.3811126168307464,0.4880340374908845,-1.023931925018231
920,0.9937069829425663,0.9644746579608001,1.9289493159216002
921,1.7146326430390577,0.1903502719316134,0.3807005438632268
922,2.6381972923062555,0.767548833111863,-0.464902333776274
923,-0.08259806825669103,-0.8548204284050746,-1.709640856810149
924,1.2993052070802007,1.5313737980148652,1.0627475960297301
925,2.504343520017722,0.9312918152419299,-0.13741636951614003
926,1.5053257447650144,0.7165699550354659,1.4331399100709319
927,0.6473474074680305,0.10479812033396127,0.20959624066792254
928,1.871477765437105,1.579689923183632,1.1593798463672642
929,-2.329963845982313,-1.082992128682829,-2.165984257365658
930,1.864853922287468,1.567496549667428,1.134993099334856
931,-0.6541577722190879,0.3666660322255951,0.7333320644511901
932,0.8840890646331634,0.3371230163417745,0.674246032683549
933,3.3232543978915237,0.660769564125072,-0.6784608717498559
934,2.0512894062300626,0.6974483773152091,-0.6051032453695817
935,-0.17018362817921334,-0.06871598071319385,-0.1374319614263877
936,0.35959278415228924,0.2765925551190205,0.553185110238041
937,0.6240239306566118,0.15796206979997074,0.3159241395999415
938,0.6535536327853575,0.27736774393832425,0.5547354878766485
939,-0.7380049973428868,-0.5299570038513176,-1.0599140077026352
940,2.1924704147316643,0.13242422146847632,-1.7351515570630474
941,0.6899207057582902,0.28772614166075056,0.5754522833215011
942,3.787777468847794,1.4140324015431842,0.8280648030863682
943,-0.23149851430768464,1.3013421104736282,0.6026842209472564
944,-0.9648117991027844,0.5994889403064892,1.1989778806129785
945,-3.0761145935362904,-0.5880615743897537,-1.1761231487795074
946,1.8965313293220536,0.539000754415115,1.07800150883023
947,-0.32319758355316086,-0.04892111165918375,-0.0978422233183675
948,0.9576631667560872,-0.4729809729574056,-0.9459619459148112
949,-0.5938460105113639,-0.5036633443480385,-1.007326688696077
950,3.2998677916716073,1.3805909124561082,0.7611818249122165
951,0.8397904786723944,0.47181060042896983,-1.0563787991420603
952,0.20806075249465403,0.024560691966756254,0.04912138393351251
953,2.393631009378388,1.0773021923199297,0.15460438463985948
954,-1.3762004655879188,0.5608576154552793,1.1217152309105587
955,1.7420934075051,0.4679312305605833,-1.0641375388788334
956,0.8616515362849222,-1.0295830252298284,-2.0591660504596567
957,2.890457929986015,0.5697323890957782,-0.8605352218084438
958,3.765537678559543,1.108973992118274,0.21794798423654807
959,-0.294093406538816,0.1353028114383593,0.2706056228767186
960,1.827656402395052,0.8883675390098077,-0.2232649219803847
961,0.25886942363469456,0.003355600959683791,-1.9932887980806324
962,1.0680763960627981,1.226741123648907,0.45348224729781383
963,1.0782099716712759,1.5280876745291347,1.0561753490582695
964,2.7006806025996974,0.41666191558427845,-1.166676168831443
965,2.6715493179273984,0.7824815635568667,-0.43503687288626663
966,-0.41174339733909315,-0.2583368423392956,-0.5166736846785912
967,1.6661804811077752,1.0254115421356038,0.050823084271207644
968,0.7089692892209595,0.5472543760432725,-0.9054912479134549
969,-1.630188024045995,-1.2531883919221072,-2.5063767838442144
970,-0.46391385776253935,-0.2887191555747517,-0.5774383111495034
971,2.1625132615433342,1.1454290254731474,0.2908580509462947
972,1.8253008589236008,1.1773197987985538,0.3546395975971073
973,1.214883058997243,1.0590678432769705,0.1181356865539408
974,3.8774780806231037,1.1992308359526669,0.3984616719053338
975,1.0088263023249997,0.0989114470202781,-1.8021771059594438
976,-0.2074604227790787,0.24427892264050413,0.48855784528100826
977,0.01220440472912096,0.12269655589430237,0.24539311178860473
978,3.2637161593286628,1.2299569811878006,0.45991396237560134
979,0.2148401705012804,0.07752528525398009,0.15505057050796017
980,1.5505571036426047,0.19804667548517407,-1.6039066490296519
981,4.126555238827265,1.5497711313351488,1.0995422626702975
982,1.0054307426462756,0.595271380331978,-0.8094572393360439
983,0.8240880724145836,0.5911608640954017,1.1823217281908034
984,2.1881394307422894,0.8266859527932775,-0.34662809441344494
985,-0.42119065861918875,0.06102838491347271,0.12205676982694542
986,1.865436564570096,0.8007436742544798,-0.3985126514910404
987,-1.2438721654492813,-0.22479637982404163,-0.44959275964808326
988,2.6430960922901927,1.456939935850405,0.9138798717008098
989,0.6236343028875444,0.12320067343761423,0.24640134687522847
990,1.5613695182817455,-0.17014074308335436,-0.3402814861667087
991,0.5348716181979802,0.21198465084772797,0.42396930169545594
992,-1.7850269507813008,-0.6952273473084019,-1.3904546946168037
993,-0.26575223283916827,0.2590171023872949,0.5180342047745898
994,0.7739098887281224,1.5026541128998114,1.0053082257996229
995,1.9137970926183463,-0.41082877037863397,-2.821657540757268
996,-1.1315189052470573,0.13703466717391075,0.2740693343478215
997,2.1014808158911955,1.112130343610842,0.22426068722168407
998,0.7482005100509213,0.8015547821896585,1.603109564379317
999,-0.25808848023220377,0.24805420422788357,0.49610840845576715
